-- phpMyAdmin SQL Dump
-- version 5.2.1
-- https://www.phpmyadmin.net/
--
-- Host: 127.0.0.1
-- Generation Time: Apr 26, 2024 at 10:29 AM
-- Server version: 10.4.32-MariaDB
-- PHP Version: 8.0.30

SET SQL_MODE = "NO_AUTO_VALUE_ON_ZERO";
START TRANSACTION;
SET time_zone = "+00:00";


/*!40101 SET @OLD_CHARACTER_SET_CLIENT=@@CHARACTER_SET_CLIENT */;
/*!40101 SET @OLD_CHARACTER_SET_RESULTS=@@CHARACTER_SET_RESULTS */;
/*!40101 SET @OLD_COLLATION_CONNECTION=@@COLLATION_CONNECTION */;
/*!40101 SET NAMES utf8mb4 */;

--
-- Database: `tourism_db`
--

-- --------------------------------------------------------

--
-- Table structure for table `book_list`
--

CREATE TABLE `book_list` (
  `id` int(30) NOT NULL,
  `user_id` int(30) NOT NULL,
  `package_id` int(30) NOT NULL,
  `status` tinyint(4) NOT NULL DEFAULT 0 COMMENT '0=pending,1=confirm, 2=cancelled\r\n',
  `schedule` date DEFAULT NULL,
  `date_created` datetime NOT NULL DEFAULT current_timestamp()
) ENGINE=InnoDB DEFAULT CHARSET=utf8mb4 COLLATE=utf8mb4_general_ci;

--
-- Dumping data for table `book_list`
--

INSERT INTO `book_list` (`id`, `user_id`, `package_id`, `status`, `schedule`, `date_created`) VALUES
(2, 4, 8, 3, '2021-06-21', '2021-06-19 08:37:59'),
(3, 5, 8, 3, '2021-06-18', '2021-06-19 11:51:50'),
(4, 6, 1, 0, '2024-03-29', '2024-03-14 20:24:43'),
(5, 1, 8, 0, '0000-00-00', '2024-03-20 20:18:11'),
(6, 7, 10, 0, '0000-00-00', '2024-03-21 01:12:00'),
(7, 9, 9, 1, '2024-03-22', '2024-03-21 14:48:39'),
(8, 9, 10, 1, '0000-00-00', '2024-03-27 20:26:41'),
(9, 8, 10, 1, '0000-00-00', '2024-04-02 12:52:19'),
(10, 9, 9, 0, '0000-00-00', '2024-04-15 05:13:09'),
(11, 9, 10, 0, '0000-00-00', '2024-04-15 05:40:56'),
(12, 10, 9, 1, '2024-04-16', '2024-04-21 19:11:39'),
(13, 8, 9, 0, '0000-00-00', '2024-04-21 19:33:42'),
(14, 9, 9, 0, '2024-04-26', '2024-04-25 23:37:39'),
(15, 9, 9, 0, '2024-04-26', '2024-04-25 23:39:12'),
(16, 9, 10, 1, '2024-04-28', '2024-04-26 04:36:21'),
(17, 9, 10, 1, '2024-05-03', '2024-04-26 04:36:44');

-- --------------------------------------------------------

--
-- Table structure for table `inquiry`
--

CREATE TABLE `inquiry` (
  `id` int(30) NOT NULL,
  `name` text DEFAULT NULL,
  `email` text DEFAULT NULL,
  `subject` varchar(250) NOT NULL,
  `message` text DEFAULT NULL,
  `status` tinyint(4) NOT NULL DEFAULT 0,
  `date_created` datetime NOT NULL DEFAULT current_timestamp()
) ENGINE=InnoDB DEFAULT CHARSET=utf8mb4 COLLATE=utf8mb4_general_ci;

--
-- Dumping data for table `inquiry`
--

INSERT INTO `inquiry` (`id`, `name`, `email`, `subject`, `message`, `status`, `date_created`) VALUES
(6, 'asdasd', 'asdasd@asdasd.com', 'asdasd', 'asdasd', 1, '2021-06-19 10:19:27'),
(8, 'Ian', 'iannguthu@gmail.com', 'Package inquiry', 'Do you have a package for a trip to the coast?', 1, '2024-03-21 07:44:01'),
(9, 'leon', 'leon@gmail.com', 'Package inquiry', 'hello,  pls reply', 1, '2024-03-21 07:52:45');

-- --------------------------------------------------------

--
-- Table structure for table `packages`
--

CREATE TABLE `packages` (
  `id` int(30) NOT NULL,
  `title` text DEFAULT NULL,
  `tour_location` text DEFAULT NULL,
  `cost` double NOT NULL,
  `description` text DEFAULT NULL,
  `upload_path` text DEFAULT NULL,
  `status` tinyint(4) NOT NULL DEFAULT 1 COMMENT '1 =active ,2 = Inactive',
  `date_created` datetime NOT NULL DEFAULT current_timestamp()
) ENGINE=InnoDB DEFAULT CHARSET=utf8mb4 COLLATE=utf8mb4_general_ci;

--
-- Dumping data for table `packages`
--

INSERT INTO `packages` (`id`, `title`, `tour_location`, `cost`, `description`, `upload_path`, `status`, `date_created`) VALUES
(9, 'Maasai Mara Magic Safari Package', 'Narok County', 500, '&lt;div class=&quot;flex flex-grow flex-col max-w-full&quot;&gt;&lt;div data-message-author-role=&quot;assistant&quot; data-message-id=&quot;96a37938-e667-4bf2-a5f5-79b93cb654bc&quot; class=&quot;min-h-[20px] text-message flex flex-col items-start gap-3 whitespace-pre-wrap break-words [.text-message+&amp;amp;]:mt-5 overflow-x-auto&quot;&gt;&lt;div class=&quot;markdown prose w-full break-words dark:prose-invert light&quot;&gt;&lt;p&gt;Introducing the Maasai Mara Magic Safari Package, a thrilling adventure into the heart of Maasai culture and wildlife. Immerse yourself in the traditions of the Maasai people with authentic cultural experiences, including traditional dances and storytelling. Explore the iconic Maasai Mara National Reserve on exhilarating game drives, witnessing the Big Five and the annual wildebeest migration.&lt;/p&gt;&lt;p&gt;Rooms are included in various hotels and lodges strategically located around and near the Maasai Mara, offering diverse experiences from luxury tented camps to cozy lodges, ensuring a comfortable stay amidst nature\'s beauty.&lt;/p&gt;&lt;/div&gt;&lt;/div&gt;&lt;/div&gt;&lt;p&gt;&lt;/p&gt;', 'uploads/package_9', 1, '2024-03-21 00:53:04'),
(10, 'Safari Experience', 'Nairobi County', 500, '&lt;div class=&quot;flex flex-grow flex-col max-w-full&quot;&gt;&lt;div data-message-author-role=&quot;assistant&quot; data-message-id=&quot;b1c93b3d-be68-443d-a52d-f3b2200332f1&quot; class=&quot;min-h-[20px] text-message flex flex-col items-start gap-3 whitespace-pre-wrap break-words [.text-message+&amp;amp;]:mt-5 overflow-x-auto&quot;&gt;&lt;div class=&quot;markdown prose w-full break-words dark:prose-invert light&quot;&gt;&lt;p&gt;Introducing the Serengeti Safari Adventure Package, a mesmerizing journey through Kenya\'s natural wonders and cultural delights. This package includes visits to iconic destinations such as Giraffe Manor, where you can interact with majestic giraffes up close, and Ololua Nature Trail, a scenic trek through lush landscapes and breathtaking vistas.&lt;/p&gt;&lt;p&gt;Experience the thrill of a Safari Walk, where expert guides lead you on foot through the wilderness, offering insights into the local flora and fauna. Dive into the rich culture of Kenya with a visit to Mamba Village, home to fascinating crocodiles and a vibrant cultural center.&lt;/p&gt;&lt;p&gt;Rooms are included in a selection of hotels and lodges strategically located around these attractions, offering a range of experiences from luxurious accommodations to charming boutique stays, ensuring a comfortable and unforgettable journey through Kenya\'s natural and cultural wonders.&lt;/p&gt;&lt;/div&gt;&lt;/div&gt;&lt;/div&gt;&lt;p&gt;&lt;/p&gt;', 'uploads/package_10', 1, '2024-03-21 00:58:33'),
(11, 'Wanawake on Safari', 'Laikipia County', 10000, '&lt;p style=&quot;border: 0px solid rgb(227, 227, 227); box-sizing: border-box; --tw-border-spacing-x: 0; --tw-border-spacing-y: 0; --tw-translate-x: 0; --tw-translate-y: 0; --tw-rotate: 0; --tw-skew-x: 0; --tw-skew-y: 0; --tw-scale-x: 1; --tw-scale-y: 1; --tw-pan-x: ; --tw-pan-y: ; --tw-pinch-zoom: ; --tw-scroll-snap-strictness: proximity; --tw-gradient-from-position: ; --tw-gradient-via-position: ; --tw-gradient-to-position: ; --tw-ordinal: ; --tw-slashed-zero: ; --tw-numeric-figure: ; --tw-numeric-spacing: ; --tw-numeric-fraction: ; --tw-ring-inset: ; --tw-ring-offset-width: 0px; --tw-ring-offset-color: #fff; --tw-ring-color: rgba(69,89,164,.5); --tw-ring-offset-shadow: 0 0 transparent; --tw-ring-shadow: 0 0 transparent; --tw-shadow: 0 0 transparent; --tw-shadow-colored: 0 0 transparent; --tw-blur: ; --tw-brightness: ; --tw-contrast: ; --tw-grayscale: ; --tw-hue-rotate: ; --tw-invert: ; --tw-saturate: ; --tw-sepia: ; --tw-drop-shadow: ; --tw-backdrop-blur: ; --tw-backdrop-brightness: ; --tw-backdrop-contrast: ; --tw-backdrop-grayscale: ; --tw-backdrop-hue-rotate: ; --tw-backdrop-invert: ; --tw-backdrop-opacity: ; --tw-backdrop-saturate: ; --tw-backdrop-sepia: ; --tw-contain-size: ; --tw-contain-layout: ; --tw-contain-paint: ; --tw-contain-style: ; margin: 0px 0px 1.25em; color: rgb(13, 13, 13); font-family: S&ouml;hne, ui-sans-serif, system-ui, -apple-system, &amp;quot;Segoe UI&amp;quot;, Roboto, Ubuntu, Cantarell, &amp;quot;Noto Sans&amp;quot;, sans-serif, &amp;quot;Helvetica Neue&amp;quot;, Arial, &amp;quot;Apple Color Emoji&amp;quot;, &amp;quot;Segoe UI Emoji&amp;quot;, &amp;quot;Segoe UI Symbol&amp;quot;, &amp;quot;Noto Color Emoji&amp;quot;; font-size: 16px; font-style: normal; font-variant-ligatures: normal; font-variant-caps: normal; font-weight: 400; letter-spacing: normal; orphans: 2; text-align: start; text-indent: 0px; text-transform: none; widows: 2; word-spacing: 0px; -webkit-text-stroke-width: 0px; white-space: pre-wrap; background-color: rgb(255, 255, 255); text-decoration-thickness: initial; text-decoration-style: initial; text-decoration-color: initial;&quot;&gt;Experience the ultimate adventure with our &quot;Wanawake on Safari&quot; tour package, set in the captivating landscapes of Laikipia County, Kenya. This exclusive journey is tailored for women travelers seeking a blend of wildlife exploration and cultural immersion. Your safari begins with a warm welcome at our luxurious lodge, nestled amidst the stunning natural beauty of Laikipia\'s wilderness.&lt;/p&gt;&lt;p style=&quot;border: 0px solid rgb(227, 227, 227); box-sizing: border-box; --tw-border-spacing-x: 0; --tw-border-spacing-y: 0; --tw-translate-x: 0; --tw-translate-y: 0; --tw-rotate: 0; --tw-skew-x: 0; --tw-skew-y: 0; --tw-scale-x: 1; --tw-scale-y: 1; --tw-pan-x: ; --tw-pan-y: ; --tw-pinch-zoom: ; --tw-scroll-snap-strictness: proximity; --tw-gradient-from-position: ; --tw-gradient-via-position: ; --tw-gradient-to-position: ; --tw-ordinal: ; --tw-slashed-zero: ; --tw-numeric-figure: ; --tw-numeric-spacing: ; --tw-numeric-fraction: ; --tw-ring-inset: ; --tw-ring-offset-width: 0px; --tw-ring-offset-color: #fff; --tw-ring-color: rgba(69,89,164,.5); --tw-ring-offset-shadow: 0 0 transparent; --tw-ring-shadow: 0 0 transparent; --tw-shadow: 0 0 transparent; --tw-shadow-colored: 0 0 transparent; --tw-blur: ; --tw-brightness: ; --tw-contrast: ; --tw-grayscale: ; --tw-hue-rotate: ; --tw-invert: ; --tw-saturate: ; --tw-sepia: ; --tw-drop-shadow: ; --tw-backdrop-blur: ; --tw-backdrop-brightness: ; --tw-backdrop-contrast: ; --tw-backdrop-grayscale: ; --tw-backdrop-hue-rotate: ; --tw-backdrop-invert: ; --tw-backdrop-opacity: ; --tw-backdrop-saturate: ; --tw-backdrop-sepia: ; --tw-contain-size: ; --tw-contain-layout: ; --tw-contain-paint: ; --tw-contain-style: ; margin: 1.25em 0px; color: rgb(13, 13, 13); font-family: S&ouml;hne, ui-sans-serif, system-ui, -apple-system, &amp;quot;Segoe UI&amp;quot;, Roboto, Ubuntu, Cantarell, &amp;quot;Noto Sans&amp;quot;, sans-serif, &amp;quot;Helvetica Neue&amp;quot;, Arial, &amp;quot;Apple Color Emoji&amp;quot;, &amp;quot;Segoe UI Emoji&amp;quot;, &amp;quot;Segoe UI Symbol&amp;quot;, &amp;quot;Noto Color Emoji&amp;quot;; font-size: 16px; font-style: normal; font-variant-ligatures: normal; font-variant-caps: normal; font-weight: 400; letter-spacing: normal; orphans: 2; text-align: start; text-indent: 0px; text-transform: none; widows: 2; word-spacing: 0px; -webkit-text-stroke-width: 0px; white-space: pre-wrap; background-color: rgb(255, 255, 255); text-decoration-thickness: initial; text-decoration-style: initial; text-decoration-color: initial;&quot;&gt;As part of this package, you\'ll enjoy a complimentary stay in a spacious and elegantly appointed room, designed for comfort and relaxation after exhilarating safari expeditions. Wake up to breathtaking views of the African savannah, with wildlife sightings right outside your window. Our lodge offers a serene retreat, complete with modern amenities and personalized service to ensure a memorable stay.&lt;/p&gt;&lt;p style=&quot;border: 0px solid rgb(227, 227, 227); box-sizing: border-box; --tw-border-spacing-x: 0; --tw-border-spacing-y: 0; --tw-translate-x: 0; --tw-translate-y: 0; --tw-rotate: 0; --tw-skew-x: 0; --tw-skew-y: 0; --tw-scale-x: 1; --tw-scale-y: 1; --tw-pan-x: ; --tw-pan-y: ; --tw-pinch-zoom: ; --tw-scroll-snap-strictness: proximity; --tw-gradient-from-position: ; --tw-gradient-via-position: ; --tw-gradient-to-position: ; --tw-ordinal: ; --tw-slashed-zero: ; --tw-numeric-figure: ; --tw-numeric-spacing: ; --tw-numeric-fraction: ; --tw-ring-inset: ; --tw-ring-offset-width: 0px; --tw-ring-offset-color: #fff; --tw-ring-color: rgba(69,89,164,.5); --tw-ring-offset-shadow: 0 0 transparent; --tw-ring-shadow: 0 0 transparent; --tw-shadow: 0 0 transparent; --tw-shadow-colored: 0 0 transparent; --tw-blur: ; --tw-brightness: ; --tw-contrast: ; --tw-grayscale: ; --tw-hue-rotate: ; --tw-invert: ; --tw-saturate: ; --tw-sepia: ; --tw-drop-shadow: ; --tw-backdrop-blur: ; --tw-backdrop-brightness: ; --tw-backdrop-contrast: ; --tw-backdrop-grayscale: ; --tw-backdrop-hue-rotate: ; --tw-backdrop-invert: ; --tw-backdrop-opacity: ; --tw-backdrop-saturate: ; --tw-backdrop-sepia: ; --tw-contain-size: ; --tw-contain-layout: ; --tw-contain-paint: ; --tw-contain-style: ; margin: 1.25em 0px; color: rgb(13, 13, 13); font-family: S&ouml;hne, ui-sans-serif, system-ui, -apple-system, &amp;quot;Segoe UI&amp;quot;, Roboto, Ubuntu, Cantarell, &amp;quot;Noto Sans&amp;quot;, sans-serif, &amp;quot;Helvetica Neue&amp;quot;, Arial, &amp;quot;Apple Color Emoji&amp;quot;, &amp;quot;Segoe UI Emoji&amp;quot;, &amp;quot;Segoe UI Symbol&amp;quot;, &amp;quot;Noto Color Emoji&amp;quot;; font-size: 16px; font-style: normal; font-variant-ligatures: normal; font-variant-caps: normal; font-weight: 400; letter-spacing: normal; orphans: 2; text-align: start; text-indent: 0px; text-transform: none; widows: 2; word-spacing: 0px; -webkit-text-stroke-width: 0px; white-space: pre-wrap; background-color: rgb(255, 255, 255); text-decoration-thickness: initial; text-decoration-style: initial; text-decoration-color: initial;&quot;&gt;Venture into Laikipia\'s renowned national parks and reserves, accompanied by experienced guides who will unveil the secrets of the wild. Encounter iconic African wildlife such as elephants, lions, giraffes, and more in their natural habitat, capturing unforgettable moments on game drives and guided walks. Immerse yourself in the local culture through visits to nearby communities, where you can engage in cultural activities, interact with friendly locals, and gain insights into traditional practices.&lt;/p&gt;&lt;p style=&quot;border: 0px solid rgb(227, 227, 227); box-sizing: border-box; --tw-border-spacing-x: 0; --tw-border-spacing-y: 0; --tw-translate-x: 0; --tw-translate-y: 0; --tw-rotate: 0; --tw-skew-x: 0; --tw-skew-y: 0; --tw-scale-x: 1; --tw-scale-y: 1; --tw-pan-x: ; --tw-pan-y: ; --tw-pinch-zoom: ; --tw-scroll-snap-strictness: proximity; --tw-gradient-from-position: ; --tw-gradient-via-position: ; --tw-gradient-to-position: ; --tw-ordinal: ; --tw-slashed-zero: ; --tw-numeric-figure: ; --tw-numeric-spacing: ; --tw-numeric-fraction: ; --tw-ring-inset: ; --tw-ring-offset-width: 0px; --tw-ring-offset-color: #fff; --tw-ring-color: rgba(69,89,164,.5); --tw-ring-offset-shadow: 0 0 transparent; --tw-ring-shadow: 0 0 transparent; --tw-shadow: 0 0 transparent; --tw-shadow-colored: 0 0 transparent; --tw-blur: ; --tw-brightness: ; --tw-contrast: ; --tw-grayscale: ; --tw-hue-rotate: ; --tw-invert: ; --tw-saturate: ; --tw-sepia: ; --tw-drop-shadow: ; --tw-backdrop-blur: ; --tw-backdrop-brightness: ; --tw-backdrop-contrast: ; --tw-backdrop-grayscale: ; --tw-backdrop-hue-rotate: ; --tw-backdrop-invert: ; --tw-backdrop-opacity: ; --tw-backdrop-saturate: ; --tw-backdrop-sepia: ; --tw-contain-size: ; --tw-contain-layout: ; --tw-contain-paint: ; --tw-contain-style: ; margin: 1.25em 0px 0px; color: rgb(13, 13, 13); font-family: S&ouml;hne, ui-sans-serif, system-ui, -apple-system, &amp;quot;Segoe UI&amp;quot;, Roboto, Ubuntu, Cantarell, &amp;quot;Noto Sans&amp;quot;, sans-serif, &amp;quot;Helvetica Neue&amp;quot;, Arial, &amp;quot;Apple Color Emoji&amp;quot;, &amp;quot;Segoe UI Emoji&amp;quot;, &amp;quot;Segoe UI Symbol&amp;quot;, &amp;quot;Noto Color Emoji&amp;quot;; font-size: 16px; font-style: normal; font-variant-ligatures: normal; font-variant-caps: normal; font-weight: 400; letter-spacing: normal; orphans: 2; text-align: start; text-indent: 0px; text-transform: none; widows: 2; word-spacing: 0px; -webkit-text-stroke-width: 0px; white-space: pre-wrap; background-color: rgb(255, 255, 255); text-decoration-thickness: initial; text-decoration-style: initial; text-decoration-color: initial;&quot;&gt;After exhilarating days of safari adventures and cultural discoveries, return to the comfort of your complimentary room at our lodge. Relax and unwind in style, savoring delectable meals showcasing local flavors and indulging in rejuvenating spa treatments. The &quot;Wanawake on Safari&quot; tour package in Laikipia County promises an enchanting blend of wildlife encounters, cultural experiences, and luxurious accommodations, creating cherished memories of your African safari getaway.&lt;/p&gt;&lt;p&gt;&lt;/p&gt;', 'uploads/package_11', 1, '2024-04-26 00:08:03'),
(14, 'Kenyan highlights ', 'Kenya', 80000, '&lt;p style=&quot;border: 0px solid rgb(227, 227, 227); box-sizing: border-box; --tw-border-spacing-x: 0; --tw-border-spacing-y: 0; --tw-translate-x: 0; --tw-translate-y: 0; --tw-rotate: 0; --tw-skew-x: 0; --tw-skew-y: 0; --tw-scale-x: 1; --tw-scale-y: 1; --tw-pan-x: ; --tw-pan-y: ; --tw-pinch-zoom: ; --tw-scroll-snap-strictness: proximity; --tw-gradient-from-position: ; --tw-gradient-via-position: ; --tw-gradient-to-position: ; --tw-ordinal: ; --tw-slashed-zero: ; --tw-numeric-figure: ; --tw-numeric-spacing: ; --tw-numeric-fraction: ; --tw-ring-inset: ; --tw-ring-offset-width: 0px; --tw-ring-offset-color: #fff; --tw-ring-color: rgba(69,89,164,.5); --tw-ring-offset-shadow: 0 0 transparent; --tw-ring-shadow: 0 0 transparent; --tw-shadow: 0 0 transparent; --tw-shadow-colored: 0 0 transparent; --tw-blur: ; --tw-brightness: ; --tw-contrast: ; --tw-grayscale: ; --tw-hue-rotate: ; --tw-invert: ; --tw-saturate: ; --tw-sepia: ; --tw-drop-shadow: ; --tw-backdrop-blur: ; --tw-backdrop-brightness: ; --tw-backdrop-contrast: ; --tw-backdrop-grayscale: ; --tw-backdrop-hue-rotate: ; --tw-backdrop-invert: ; --tw-backdrop-opacity: ; --tw-backdrop-saturate: ; --tw-backdrop-sepia: ; --tw-contain-size: ; --tw-contain-layout: ; --tw-contain-paint: ; --tw-contain-style: ; margin: 0px 0px 1.25em; color: rgb(13, 13, 13); font-family: S&ouml;hne, ui-sans-serif, system-ui, -apple-system, &amp;quot;Segoe UI&amp;quot;, Roboto, Ubuntu, Cantarell, &amp;quot;Noto Sans&amp;quot;, sans-serif, &amp;quot;Helvetica Neue&amp;quot;, Arial, &amp;quot;Apple Color Emoji&amp;quot;, &amp;quot;Segoe UI Emoji&amp;quot;, &amp;quot;Segoe UI Symbol&amp;quot;, &amp;quot;Noto Color Emoji&amp;quot;; font-size: 16px; font-style: normal; font-variant-ligatures: normal; font-variant-caps: normal; font-weight: 400; letter-spacing: normal; orphans: 2; text-align: start; text-indent: 0px; text-transform: none; widows: 2; word-spacing: 0px; -webkit-text-stroke-width: 0px; white-space: pre-wrap; background-color: rgb(255, 255, 255); text-decoration-thickness: initial; text-decoration-style: initial; text-decoration-color: initial;&quot;&gt;Embark on a journey that unveils the remarkable diversity and beauty of Kenya\'s top attractions with our &quot;Kenyan Highlights&quot; tour package. This immersive experience is meticulously crafted to showcase the country\'s finest, from thrilling wildlife encounters to cultural immersions and stunning landscapes.&lt;/p&gt;&lt;p style=&quot;border: 0px solid rgb(227, 227, 227); box-sizing: border-box; --tw-border-spacing-x: 0; --tw-border-spacing-y: 0; --tw-translate-x: 0; --tw-translate-y: 0; --tw-rotate: 0; --tw-skew-x: 0; --tw-skew-y: 0; --tw-scale-x: 1; --tw-scale-y: 1; --tw-pan-x: ; --tw-pan-y: ; --tw-pinch-zoom: ; --tw-scroll-snap-strictness: proximity; --tw-gradient-from-position: ; --tw-gradient-via-position: ; --tw-gradient-to-position: ; --tw-ordinal: ; --tw-slashed-zero: ; --tw-numeric-figure: ; --tw-numeric-spacing: ; --tw-numeric-fraction: ; --tw-ring-inset: ; --tw-ring-offset-width: 0px; --tw-ring-offset-color: #fff; --tw-ring-color: rgba(69,89,164,.5); --tw-ring-offset-shadow: 0 0 transparent; --tw-ring-shadow: 0 0 transparent; --tw-shadow: 0 0 transparent; --tw-shadow-colored: 0 0 transparent; --tw-blur: ; --tw-brightness: ; --tw-contrast: ; --tw-grayscale: ; --tw-hue-rotate: ; --tw-invert: ; --tw-saturate: ; --tw-sepia: ; --tw-drop-shadow: ; --tw-backdrop-blur: ; --tw-backdrop-brightness: ; --tw-backdrop-contrast: ; --tw-backdrop-grayscale: ; --tw-backdrop-hue-rotate: ; --tw-backdrop-invert: ; --tw-backdrop-opacity: ; --tw-backdrop-saturate: ; --tw-backdrop-sepia: ; --tw-contain-size: ; --tw-contain-layout: ; --tw-contain-paint: ; --tw-contain-style: ; margin: 1.25em 0px; color: rgb(13, 13, 13); font-family: S&ouml;hne, ui-sans-serif, system-ui, -apple-system, &amp;quot;Segoe UI&amp;quot;, Roboto, Ubuntu, Cantarell, &amp;quot;Noto Sans&amp;quot;, sans-serif, &amp;quot;Helvetica Neue&amp;quot;, Arial, &amp;quot;Apple Color Emoji&amp;quot;, &amp;quot;Segoe UI Emoji&amp;quot;, &amp;quot;Segoe UI Symbol&amp;quot;, &amp;quot;Noto Color Emoji&amp;quot;; font-size: 16px; font-style: normal; font-variant-ligatures: normal; font-variant-caps: normal; font-weight: 400; letter-spacing: normal; orphans: 2; text-align: start; text-indent: 0px; text-transform: none; widows: 2; word-spacing: 0px; -webkit-text-stroke-width: 0px; white-space: pre-wrap; background-color: rgb(255, 255, 255); text-decoration-thickness: initial; text-decoration-style: initial; text-decoration-color: initial;&quot;&gt;Begin your adventure at the renowned Maasai Mara National Reserve, where you\'ll witness the annual migration of wildebeests and zebras, alongside majestic predators like lions and cheetahs. Guided by expert safari guides, enjoy exhilarating game drives and walks, capturing breathtaking moments amidst the vast savannahs and picturesque vistas. Next, venture into Amboseli National Park, famed for its breathtaking views of Mount Kilimanjaro and abundant elephant herds. Encounter wildlife up close and appreciate Kenya\'s diverse ecosystems, from lush forests to open plains and serene lakes. Delve into Kenya\'s cultural heritage with visits to traditional Maasai villages, immersing yourself in their customs, dances, and culinary delights.&lt;/p&gt;&lt;p&gt;&lt;/p&gt;', 'uploads/package_14', 1, '2024-04-26 00:29:00');

-- --------------------------------------------------------

--
-- Table structure for table `rate_review`
--

CREATE TABLE `rate_review` (
  `id` int(30) NOT NULL,
  `user_id` int(30) NOT NULL,
  `package_id` int(30) NOT NULL,
  `rate` int(11) NOT NULL,
  `review` text DEFAULT NULL,
  `date_created` datetime NOT NULL DEFAULT current_timestamp()
) ENGINE=InnoDB DEFAULT CHARSET=utf8mb4 COLLATE=utf8mb4_general_ci;

--
-- Dumping data for table `rate_review`
--

INSERT INTO `rate_review` (`id`, `user_id`, `package_id`, `rate`, `review`, `date_created`) VALUES
(3, 5, 8, 5, '<p>Sample</p>', '2021-06-19 11:53:16'),
(4, 5, 8, 3, '&lt;p&gt;Sample feedback only&lt;/p&gt;', '2021-06-19 13:49:26');

-- --------------------------------------------------------

--
-- Table structure for table `system_info`
--

CREATE TABLE `system_info` (
  `id` int(30) NOT NULL,
  `meta_field` text NOT NULL,
  `meta_value` text NOT NULL
) ENGINE=InnoDB DEFAULT CHARSET=utf8mb4 COLLATE=utf8mb4_general_ci;

--
-- Dumping data for table `system_info`
--

INSERT INTO `system_info` (`id`, `meta_field`, `meta_value`) VALUES
(1, 'name', 'Tourism KE Management System'),
(6, 'short_name', 'TravelKE'),
(11, 'logo', 'uploads/1710955380_sutirta-budiman-kjOBqwMUnWw-unsplash.jpg'),
(13, 'user_avatar', 'uploads/user_avatar.jpg'),
(14, 'cover', 'uploads/1710955380_alexia-ellesse-oV1LyrTtQXQ-unsplash.jpg');

-- --------------------------------------------------------

--
-- Table structure for table `users`
--

CREATE TABLE `users` (
  `id` int(50) NOT NULL,
  `firstname` varchar(250) NOT NULL,
  `lastname` varchar(250) NOT NULL,
  `username` text NOT NULL,
  `password` text NOT NULL,
  `avatar` text DEFAULT NULL,
  `last_login` datetime DEFAULT NULL,
  `type` tinyint(1) NOT NULL DEFAULT 0,
  `date_added` datetime NOT NULL DEFAULT current_timestamp(),
  `date_updated` datetime DEFAULT NULL ON UPDATE current_timestamp()
) ENGINE=InnoDB DEFAULT CHARSET=utf8mb4 COLLATE=utf8mb4_general_ci;

--
-- Dumping data for table `users`
--

INSERT INTO `users` (`id`, `firstname`, `lastname`, `username`, `password`, `avatar`, `last_login`, `type`, `date_added`, `date_updated`) VALUES
(1, 'Adminstrator', 'Admin', 'admin', '0192023a7bbd73250516f069df18b500', 'uploads/1710955260_ian-macharia-7k91OUDYAQ0-unsplash.jpg', NULL, 1, '2021-01-20 14:02:37', '2024-03-20 20:21:26'),
(4, 'John', 'Smith', 'jsmith', '1254737c076cf867dc53d60a0364f38e', NULL, NULL, 0, '2021-06-19 08:36:09', '2021-06-19 10:53:12'),
(5, 'Claire', 'Blake', 'cblake', '4744ddea876b11dcb1d169fadf494418', NULL, NULL, 0, '2021-06-19 10:01:51', '2021-06-19 12:03:23'),
(6, 'admin', 'test', 'testy', 'cc03e747a6afbbcbf8be7668acfebee5', NULL, NULL, 0, '2024-03-14 20:21:16', NULL),
(7, 'Nataka', 'Kutravel', 'Kujinice', 'fcea920f7412b5da7be0cf42b8c93759', NULL, NULL, 0, '2024-03-21 01:10:30', '2024-03-21 01:11:28'),
(8, 'Elvine', 'leon', 'EL', '81dc9bdb52d04dc20036dbd8313ed055', NULL, NULL, 0, '2024-03-21 12:41:12', NULL),
(9, 'joe', 'Mutemi', 'Joe Mutemi', '81dc9bdb52d04dc20036dbd8313ed055', NULL, NULL, 0, '2024-03-21 14:48:02', NULL),
(10, 'test', 'one', 'testone', '25d55ad283aa400af464c76d713c07ad', NULL, NULL, 0, '2024-04-21 19:11:19', NULL);

--
-- Indexes for dumped tables
--

--
-- Indexes for table `book_list`
--
ALTER TABLE `book_list`
  ADD PRIMARY KEY (`id`);

--
-- Indexes for table `inquiry`
--
ALTER TABLE `inquiry`
  ADD PRIMARY KEY (`id`);

--
-- Indexes for table `packages`
--
ALTER TABLE `packages`
  ADD PRIMARY KEY (`id`);

--
-- Indexes for table `rate_review`
--
ALTER TABLE `rate_review`
  ADD PRIMARY KEY (`id`);

--
-- Indexes for table `system_info`
--
ALTER TABLE `system_info`
  ADD PRIMARY KEY (`id`);

--
-- Indexes for table `users`
--
ALTER TABLE `users`
  ADD PRIMARY KEY (`id`);

--
-- AUTO_INCREMENT for dumped tables
--

--
-- AUTO_INCREMENT for table `book_list`
--
ALTER TABLE `book_list`
  MODIFY `id` int(30) NOT NULL AUTO_INCREMENT, AUTO_INCREMENT=18;

--
-- AUTO_INCREMENT for table `inquiry`
--
ALTER TABLE `inquiry`
  MODIFY `id` int(30) NOT NULL AUTO_INCREMENT, AUTO_INCREMENT=10;

--
-- AUTO_INCREMENT for table `packages`
--
ALTER TABLE `packages`
  MODIFY `id` int(30) NOT NULL AUTO_INCREMENT, AUTO_INCREMENT=15;

--
-- AUTO_INCREMENT for table `rate_review`
--
ALTER TABLE `rate_review`
  MODIFY `id` int(30) NOT NULL AUTO_INCREMENT, AUTO_INCREMENT=5;

--
-- AUTO_INCREMENT for table `system_info`
--
ALTER TABLE `system_info`
  MODIFY `id` int(30) NOT NULL AUTO_INCREMENT, AUTO_INCREMENT=15;

--
-- AUTO_INCREMENT for table `users`
--
ALTER TABLE `users`
  MODIFY `id` int(50) NOT NULL AUTO_INCREMENT, AUTO_INCREMENT=11;
COMMIT;

/*!40101 SET CHARACTER_SET_CLIENT=@OLD_CHARACTER_SET_CLIENT */;
/*!40101 SET CHARACTER_SET_RESULTS=@OLD_CHARACTER_SET_RESULTS */;
/*!40101 SET COLLATION_CONNECTION=@OLD_COLLATION_CONNECTION */;
